date,close,high,low,open,volume,returns,hist_volatility,sma_5,sma_20
2024-09-03,539.3126220703125,547.8407131286382,536.8020487007664,547.508549729637,60600100,,0.11660016041560634,,
2024-09-04,538.2088012695312,541.6083040829072,536.7532683896355,537.4761456891545,47224900,-0.00204671790647859,0.11660016041560634,,
2024-09-05,536.8997192382812,540.9928237930679,534.4477558926965,538.1501466111926,44264300,-0.002432293987318923,0.11660016041560634,,
2024-09-06,527.8636474609375,538.8437022454943,526.9649400293706,537.2221175565589,68493800,-0.01683009220076248,0.11660016041560634,,
2024-09-09,533.773681640625,535.043665505135,530.1299607989381,532.0544335310877,40445800,0.011196137881657853,0.11660016041560634,535.2116943359375,
2024-09-10,536.0986938476562,536.4504138231891,530.8138314182086,535.6786451567546,36394600,0.004355801507269996,0.11660016041560634,534.5689086914062,
2024-09-11,541.5985107421875,542.5167747623394,527.4729497044474,536.0108196239122,75248600,0.010258963429025103,0.11660016041560634,535.2468505859375,
2024-09-12,546.1604614257812,546.4632899534062,539.957276313442,542.1747991721596,51819600,0.00842312265102474,0.11660016041560634,537.0989990234375,
2024-09-13,549.0130615234375,550.0094922558702,546.5122660345418,546.7662628583907,39310500,0.005223007337824104,0.11660016041560634,541.3288818359375,
2024-09-16,549.82373046875,550.0874458768798,546.9517188263792,548.7491334077678,36656100,0.0014765931853479852,0.11660016041560634,544.5388916015625,
2024-09-17,550.0485229492188,553.4773606816602,547.8212213158272,552.0315464267048,49321000,0.0004088446314913785,0.11660016041560634,547.328857421875,
2024-09-18,548.4171142578125,555.5385046014119,547.8602888957543,550.702966140304,59044900,-0.002965935955357324,0.11660016041560634,548.692578125,
2024-09-19,557.7755737304688,559.6316584337985,554.9426745171918,557.8049085738365,75315500,0.017064492025055333,0.11660016041560634,551.0156005859375,
2024-09-20,556.8114013671875,557.8500616857909,553.793383536953,556.4096807844697,77503100,-0.0017286027009622007,0.11660016041560634,552.5752685546875,
2024-09-23,558.2028198242188,558.8495678561227,556.6644159380835,557.8795056148167,44116900,0.002498904393147816,0.11660016041560634,554.2510864257813,
2024-09-24,559.7998657226562,559.8586555458002,556.174333811357,558.9963649353333,46805700,0.0028610494997864944,0.11660016041560634,556.2013549804688,
2024-09-25,558.5653076171875,560.378103761662,557.4580492681129,559.6432009533316,38428600,-0.0022053562014971995,0.11660016041560634,558.2309936523437,
2024-09-26,560.77978515625,563.1413061737785,558.4281322177342,562.817932214862,48336000,0.0039645812385114,0.11660016041560634,558.8318359375,
2024-09-27,559.9664306640625,562.6610738881527,558.9375788488986,561.847824630314,42100900,-0.0014503990937563271,0.11660016041560634,559.462841796875,
2024-09-30,562.21044921875,562.8179640810873,556.6447925339722,558.9376557740085,63557400,0.004007416216051274,0.11660016041560634,560.2643676757813,548.5665100097656
2024-10-01,557.1739501953125,562.5044480240527,554.6066943100618,561.857759819067,72668800,-0.008958387433809278,0.11660016041560634,559.7391845703125,549.4595764160156
2024-10-02,557.4089965820312,558.4280999557304,553.8912957466886,556.2821816369686,38097800,0.00042185458712906687,0.11588750734100511,559.5079223632813,550.4195861816406
2024-10-03,556.3899536132812,558.3300776437013,554.1068390984451,555.9391917508498,40846500,-0.0018281781869303737,0.11561582583752013,558.6299560546875,551.3940979003906
2024-10-04,561.4461669921875,561.8185225581165,556.6643942780399,560.828843806913,42939100,0.009087535362690247,0.09495208700578935,558.9259033203125,553.0732238769531
2024-10-07,556.370361328125,560.446655391967,555.2239297880301,559.7999074826037,49964700,-0.009040591890144833,0.09916074571902465,557.7578857421875,554.2030578613281
2024-10-08,561.6322631835938,562.230029540932,558.0655806170524,558.9376197622599,37398700,0.009457552416897164,0.10230802217795885,558.6495483398437,555.479736328125
2024-10-09,565.5223999023438,566.0809331902332,561.0247685875196,561.6224751598685,37912200,0.006926483704299491,0.09953700768668682,560.2722290039062,556.6759307861328
2024-10-10,564.5327758789062,565.953600014702,562.9257739624676,564.1800368650188,44138100,-0.0017499289570287457,0.0976087430835513,561.9007934570312,557.5945465087891
2024-10-11,567.913330078125,568.6482329129351,564.3171624790748,564.4543586951436,42268000,0.005988233710532809,0.09801476489170995,563.1942260742187,558.5395599365235
2024-10-14,572.557861328125,573.4887501402064,569.0401003876937,569.5202272995722,36217200,0.008178239537643961,0.1006527297270193,566.4317260742188,559.6762664794921
2024-10-15,568.1093139648438,573.1262458468478,566.8942243784207,572.8224884018784,54203600,-0.007769603150609483,0.10643830437491661,567.7271362304688,560.5793060302734
2024-10-16,570.5785522460938,571.097912292803,567.3058184280349,568.1093193754714,30725400,0.0043464140096862725,0.10540314311753987,568.7383666992188,561.6873779296875
2024-10-17,570.6275024414062,574.3216329805343,570.4413246734956,574.1158386665669,34393700,8.579045798295937e-05,0.08921287354764511,569.9573120117187,562.3299743652344
2024-10-18,572.8224487304688,573.6063330690159,570.8528997080355,572.3128969974695,37416800,0.003846548369420555,0.08901783386819231,570.9391357421875,563.1305267333985
2024-10-21,571.8817749023438,573.0771881011084,568.912738838732,572.0973176864316,36439000,-0.001642173469649788,0.08957233952535193,570.8039184570313,563.8144744873047
2024-10-22,571.5780029296875,572.7342428128154,568.697181591541,569.3536780068462,34183800,-0.00053117967032279,0.08956059179643829,571.49765625,564.4033813476562
2024-10-23,566.3552856445312,570.0004346494243,562.8571411229607,569.5594810059998,49314600,-0.009137365781024864,0.09605415797733938,570.6530029296875,564.7928802490235
2024-10-24,567.5801391601562,568.3836400907534,564.9639018539431,568.3052337104026,34979900,0.0021626945959039023,0.09545552426380141,570.0435302734375,565.1328979492188
2024-10-25,567.384033203125,572.6949728800472,566.4433960638868,569.8043437567766,47268200,-0.00034551236644997374,0.09521794488396655,568.9558471679687,565.5037780761719
2024-10-28,569.1380615234375,570.9802224021391,568.834304134212,570.8528344834444,30174700,0.003091430526182215,0.09484759230268743,568.4071044921875,565.8501586914062
2024-10-29,570.0592041015625,571.1762108700161,566.7864107519835,568.1778099310847,42899700,0.0016184870427735643,0.08783850339116234,568.1033447265625,566.4944213867187
2024-10-30,568.3346557617188,571.5780244818477,567.6291179550885,569.5888588084969,41435800,-0.0030252091843017137,0.08906548925302914,568.49921875,567.0407043457031
2024-10-31,557.1935424804688,564.0428273008541,556.9975564307639,563.9742291931302,60182500,-0.01960308625965801,0.11506729852378682,566.4218994140625,567.0808837890625
2024-11-01,559.545166015625,563.9643910438907,559.1336371976272,559.8195584319851,45667500,0.004220478802908323,0.11125763770579607,564.8541259765625,566.9858337402344
2024-11-04,558.3399047851562,560.9757583388703,556.4585705161212,559.6823223393656,38217000,-0.002154001685066964,0.10654112925654502,562.6944946289062,567.0843109130859
2024-11-05,565.0912475585938,565.1304208425688,559.0356559214524,559.251198693126,39478300,0.012091814888343544,0.10993391293844293,561.7009033203125,567.2572601318359
2024-11-06,579.142578125,580.0146771322202,573.6063462638446,577.3396500855225,68182000,0.024865595825653397,0.13884999371142792,563.8624877929688,567.9382690429687
2024-11-07,583.6206665039062,584.6397701216673,581.063218798349,581.1416251858423,47233200,0.007732272756398428,0.14022646880070525,569.1479125976563,568.8926635742188
2024-11-08,586.1487426757812,587.5695668763649,584.1693851078007,584.1693851078007,46444900,0.004331711190110887,0.13967694973108577,574.4686279296875,569.8044342041015
2024-11-11,586.7072143554688,588.0888053142032,584.9826328704219,587.7360663213191,37586800,0.0009527815024188424,0.137514096550098,580.14208984375,570.5119018554688
2024-11-12,584.8847045898438,587.2265495486535,582.4056036057904,586.6288429184635,43006100,-0.0031063360412690866,0.13441560814598774,584.10078125,571.3506713867188
2024-11-13,585.1688232421875,587.1677373847895,582.9837313260188,585.3451927424278,47388600,0.0004857686482722112,0.134025511493555,585.3060302734375,572.0801849365234
2024-11-14,581.406005859375,585.7762488320935,580.7201445096133,585.2961219646461,38904100,-0.006430310763933411,0.1367742231777814,584.8630981445312,572.6191101074219
2024-11-15,573.9591064453125,578.3195418358689,572.1071369723535,577.8491633593196,75988800,-0.012808432212624399,0.14467886992344958,582.4251708984375,572.6759429931641
2024-11-18,576.3108520507812,577.6238450144261,573.5574183688442,574.4196493771738,37001700,0.004097409691839804,0.1451755891799576,580.3458984375,572.8973968505859
2024-11-19,578.41748046875,579.142574989824,572.2737337790142,572.9400384688264,49412000,0.003655368297286854,0.14556976639622143,579.0524536132813,573.239370727539
2024-11-20,578.6134033203125,578.8975441726233,572.8615695316089,578.4958236706298,50032600,0.00033872221739161823,0.14094540708447756,577.7413696289062,573.8522766113281
2024-11-21,581.7196655273438,583.1404896221547,575.6249001169805,581.455141177832,46750300,0.005368458783025609,0.14172062546168052,577.8041015625,574.5592529296875
2024-11-22,583.5225830078125,584.1497143652956,581.2101034094488,581.7097870344509,38226400,0.0030992892063126387,0.1417276848604035,579.716796875,575.3661804199219
2024-11-25,585.5020141601562,588.7649396726674,583.2188992835091,587.451946771504,42441400,0.003392210018917652,0.14177814976947384,581.555029296875,576.1843780517578
2024-11-26,588.5591430664062,589.2254477201681,586.0310608458545,586.7463470552605,45621300,0.005221380682413512,0.14240827643466258,583.5833618164063,577.109375
2024-11-27,586.7758178710938,588.755115442667,585.2570306878304,588.3730114334577,34000200,-0.003029984694522536,0.14241035070627697,585.2158447265625,578.0314331054688
2024-11-29,590.4208984375,591.2047827973582,587.3147260107087,587.5890586237147,30177400,0.006212049739253267,0.11888425725157241,586.9560913085937,579.6928009033203
2024-12-02,591.4791870117188,592.1552999944694,590.3425038316959,590.8324390421951,31746000,0.0017924307507057868,0.11884623463095997,588.547412109375,581.289501953125
2024-12-03,591.7534790039062,591.9984465923378,590.2151351783115,591.2439870884159,26906600,0.0004637390430815014,0.1177556502038007,589.797705078125,582.9601806640625
2024-12-04,595.427978515625,595.6729460981672,592.7725681970518,593.438872844782,42787600,0.006209510619023417,0.1134626942322865,591.1714721679688,584.477017211914
2024-12-05,594.4481811523438,596.2315525489399,594.0954421437544,595.4280516027892,28762200,-0.0016455346383350555,0.07810963811907166,592.7059448242187,585.2422973632813
2024-12-06,595.5750122070312,596.8096584526629,594.800936138575,595.212464951605,31241500,0.0018955917276137768,0.07441136378437005,593.736767578125,585.8400146484375
2024-12-09,592.5079956054688,595.6239761392873,591.9200973185369,595.4574149257465,34742700,-0.005149673070058869,0.0764070543758277,593.942529296875,586.1579772949219
2024-12-10,590.6658935546875,593.605504896008,590.0093971009587,593.1841677805376,37234500,-0.003108991042220177,0.07747640456740788,593.7250122070312,586.3559112548828
2024-12-11,595.2321166992188,596.1825623151827,593.3115491139272,593.5859415432025,28677700,0.007730636209670516,0.08055707122707552,593.68583984375,586.8732818603515
2024-12-12,592.1650390625,594.9380289691392,592.1650390625,594.369747252086,31543800,-0.00515274218354822,0.08336914311550038,593.2292114257813,587.2230926513672
2024-12-13,592.0474853515625,594.9086900260288,590.6756429397628,594.1934038090473,35904700,-0.0001985151151840947,0.07922330947657814,592.5237060546875,587.7551666259766
2024-12-16,594.5755615234375,595.5456834945226,593.0274092921627,593.8014854078001,43695200,0.004270056430311087,0.061093686601795726,592.9372192382813,588.7859893798828
2024-12-17,592.1258544921875,592.9881452170704,590.7540718346318,592.0278913761272,55773500,-0.0041200937101640855,0.06384844295814916,593.2292114257813,589.5767395019532
2024-12-18,574.4784545898438,594.2031909866316,574.0962907751041,591.822113059209,108248700,-0.02980346115350485,0.12707067888612072,589.0784790039063,589.3797882080078
2024-12-19,574.3019409179688,581.0630696987981,574.0569733506421,579.456068103567,85919500,-0.0003072589937267445,0.12704757512240697,585.505859375,589.1642150878906
2024-12-20,581.199951171875,585.7225012446567,571.132257605004,571.9778279294948,125716700,0.012011121262937685,0.13305434419333348,583.3363525390625,589.1382293701172
2024-12-23,584.6803588867188,585.2800771480029,577.7686569320756,580.9443313472664,57635800,0.005988313845908255,0.13433902922083912,581.3573120117187,589.1961181640625
2024-12-24,591.1791381835938,591.2185033240278,585.4472496940897,586.0273454449668,33160100,0.011115097673623398,0.1395207761822539,581.16796875,589.4799743652344
2024-12-26,591.218505859375,592.3392722176656,588.0133673077331,589.4094496188982,41219100,6.659178790080489e-05,0.13841225996976045,584.5159790039063,589.6129425048828
2024-12-27,584.9949340820312,587.7183292627742,580.8164691334702,587.4823184826345,64969300,-0.01052668635312315,0.14325052542911015,586.6545776367187,589.5238983154297
2024-12-30,578.3191528320312,581.7799239969942,574.5732845002501,577.9947505411832,56578800,-0.011411690702032407,0.1465515631028971,586.07841796875,588.9188110351563
2024-12-31,576.2152709960938,580.6985158642835,574.583178079053,579.9807622286955,57052700,-0.003637925228024641,0.14644975230718627,584.385400390625,588.155615234375
2025-01-02,574.7994995117188,581.180251846637,570.7291685588775,579.4695486945864,50204000,-0.002457018332623462,0.1463592661201882,581.10947265625,587.3079162597656
2025-01-03,581.9864501953125,582.6254735449975,576.5593423217554,577.6408633877121,37888500,0.012503404560544995,0.15229096811449117,579.2630615234375,586.63583984375
2025-01-06,585.3390502929688,589.6060270134918,583.608664526265,586.2337670283534,47679400,0.005760615382937484,0.15419431357744934,579.331884765625,586.1803833007813
2025-01-07,578.7223510742188,587.6888410122485,576.903513754268,587.3643786767495,60393100,-0.011304045433904064,0.15828155412077644,579.4125244140625,585.3377502441406
2025-01-08,579.5678100585938,580.6394897953063,575.3500401020275,578.7911287868388,47304700,0.0014609060507264626,0.1579360583953467,580.0830322265625,584.6907409667969
2025-01-10,570.7192993164062,576.0874192959229,568.8119506064235,576.0185903209236,73105000,-0.015267429606369842,0.1657363184182335,579.2669921875,583.6934112548828
2025-01-13,571.604248046875,571.9581742427216,565.6658729466735,566.0788468496604,47910100,0.0015505849049237685,0.1625104865468765,577.1905517578125,582.5120178222656
2025-01-14,572.3907470703125,575.1534475548353,568.6153544470202,574.5242054496483,48420600,0.0013759502770052112,0.16246859800420707,574.6008911132812,581.5233032226563
2025-01-15,582.8024291992188,583.9428778193259,579.2826705140105,580.3936552944716,56900200,0.018189815579997992,0.17709550736793062,575.4169067382812,581.0610504150391
2025-01-16,581.6817626953125,584.346110636513,580.9836915331506,584.1691475266347,43319700,-0.0019228926438177307,0.17613954347595498,575.839697265625,580.4163604736328
2025-01-17,587.521728515625,589.2717368825727,585.5848557638515,586.9121689712896,58070600,0.010039795288152353,0.1799815452623362,579.2001831054688,580.1861541748046
2025-01-21,592.899658203125,592.9094994878243,588.5933760531964,590.5597127423754,42532900,0.009153584329701925,0.14511046373393052,583.4592651367187,581.1072143554687
2025-01-22,596.232666015625,597.5894432517595,595.1708273073808,595.7213992287225,48196000,0.005621537753287331,0.1455918850532422,588.2276489257813,582.2037506103516
2025-01-23,599.48681640625,599.48681640625,595.3280340779654,595.6032899728609,41152100,0.00545785324439052,0.1413617417599199,591.5645263671875,583.1180938720703
2025-01-24,597.7366943359375,600.4994543662986,596.586404435373,599.5457500838805,34604700,-0.0029193670693277163,0.14122013775561054,594.7755126953125,583.7709106445312
2025-01-27,589.2816162109375,589.5962372876534,584.6312490621345,584.7983708814467,70361100,-0.014145154890303768,0.14594739648733215,595.127490234375,583.6760345458985
2025-01-28,594.3449096679688,595.1805787054238,587.1972570477369,590.5105293609671,44433300,0.008592315317060173,0.1491939695877596,595.4165405273437,583.8323547363282
2025-01-29,591.6805419921875,593.9614997638901,589.1341095636221,593.5583671362218,37177400,-0.0044828644654661964,0.144853159001105,594.5061157226562,584.166635131836
2025-01-30,594.856201171875,596.389941511758,590.6089063826978,593.7944224804594,39281300,0.005367185422382015,0.13849196438147493,593.5799926757812,584.9934875488282
2025-01-31,591.6903686523438,599.6933732210748,590.9333098394596,597.2747575383468,66566900,-0.005322013140813708,0.13943783472744312,592.3707275390625,585.7672424316406
2025-02-03,587.70849609375,590.1860392450765,580.5510025263411,582.6943020815504,65857200,-0.006729655863189077,0.1417950558506296,592.056103515625,586.4126922607422
2025-02-04,591.6510009765625,592.1622076462813,587.2267439810199,587.7674745011321,33457800,0.006708265932884538,0.13705309832926002,591.5173217773438,586.8959197998047
2025-02-05,594.0499267578125,594.1974260072697,588.5049031019603,590.5302274178379,30653100,0.004054629802519472,0.13637601917549766,591.9911987304688,587.3314636230468
2025-02-06,596.1146240234375,596.242440705887,592.4867305159943,595.7901616750784,35771500,0.0034756291897781733,0.12890137824363543,592.2428833007813,588.2010772705078
2025-02-07,590.6580810546875,597.8941858585465,589.9501686239648,596.6750666805723,50788500,-0.009153513013858694,0.1343495610436957,592.03642578125,588.7555908203125
2025-02-10,594.6693115234375,595.3083949100401,592.5948408497425,593.8631663388722,26048700,0.006791120950360163,0.12113018261026938,593.4285888671875,589.953091430664
2025-02-11,595.1216430664062,595.6623736678141,592.2901133629294,592.408088766588,30056700,0.0007606438304508245,0.12120884795207965,594.1227172851562,591.1289611816406
2025-02-12,593.2044677734375,594.3744405625547,588.4361250659014,589.1145136580423,45076100,-0.003221484742329972,0.12263594356148365,593.9536254882812,592.1696472167969
2025-02-13,599.4671630859375,599.6736500230521,593.0471055616473,594.3055297285264,40921300,0.010557397411396385,0.11161758256516334,594.6241333007813,593.0028839111328
2025-02-14,599.4376831054688,600.7059485220444,598.8182823186273,599.6736338799176,26910400,-4.917697295880874e-05,0.11106694641999534,596.3800537109375,593.8906799316406
2025-02-18,601.197509765625,601.197509765625,598.1398710820379,600.5977915687461,26749000,0.0029357958462659095,0.10661955672840955,597.685693359375,594.5744689941406
2025-02-19,602.61328125,602.9082197102092,599.3000091966954,599.8112758662747,31011100,0.002354919076306361,0.10252225500474856,599.1840209960938,595.0601501464844
2025-02-20,600.1063232421875,601.3844301402796,596.8028918726411,601.2467721645895,36554000,-0.004160143969300423,0.1023417252989023,600.5643920898438,595.2538330078125
2025-02-21,589.8419799804688,600.0275889538111,589.3798596850504,599.8899309928074,76519800,-0.01710420781148192,0.11758829148814029,598.63935546875,594.7715911865234
2025-02-24,587.157958984375,592.8800056614799,586.4500466079941,591.8869960824046,50737200,-0.004550406866907997,0.11812236322998178,596.1834106445312,594.2426544189453
2025-02-25,584.2379150390625,587.8265033006376,579.6366946428752,587.098968367302,58266500,-0.004973182941032439,0.10854527718345301,592.7914916992188,593.9904693603515
2025-02-26,584.5328369140625,589.488043359785,581.8979531727184,585.8994552001853,43321600,0.0005047975617609168,0.10332222363844318,589.1754028320313,593.4998657226563
2025-02-27,575.2025756835938,587.9542991571739,574.809344386224,586.8039490929929,74196700,-0.015961911190013223,0.11598960552171021,584.1946533203125,592.6759674072266
2025-02-28,584.1788940429688,584.70978328648,572.636508577737,575.7039886670112,88744100,0.01560549055036331,0.128873402795309,583.0620361328125,592.1421020507812
2025-03-03,573.9441528320312,587.2857532860544,570.1392964764723,586.1452445030724,74249200,-0.01751987501654706,0.1411465462249316,580.4192749023438,591.2547912597656
2025-03-04,567.1505737304688,575.5370299460303,562.6181812896335,569.9526399958573,109648200,-0.011836655305295318,0.14478134143178054,577.001806640625,590.2268951416015
2025-03-05,573.24609375,575.035467216836,563.434093538414,566.9833166199888,71230500,0.010747622063463025,0.14856766653799247,574.7444580078125,589.3066497802735
2025-03-06,563.0703735351562,570.4047711019521,560.523941077153,565.7937090893346,80094900,-0.017751050248379863,0.1575724875754232,572.318017578125,587.7576721191406
2025-03-07,566.2262573242188,567.6715458955733,556.1094773560538,561.2907933786839,81158800,0.005604776840324233,0.15884236892614687,568.727490234375,586.2632537841797
2025-03-10,551.1445922851562,559.953743284554,546.2385912694426,558.0366127932136,99326600,-0.026635403858402795,0.17932480204992368,564.167578125,584.2875793457031
2025-03-11,546.5629272460938,554.5266268117218,542.728606721458,549.9843938775969,88102100,-0.00831300007873792,0.17592817513822356,560.050048828125,581.8822601318359
2025-03-12,549.4633178710938,553.6319422779778,544.3705127696392,552.7077615834074,69588200,0.005306599625433561,0.17833480689397832,555.2934936523437,579.5993438720703
2025-03-13,542.138671875,549.6992388466521,540.4279685563406,549.0896792735167,74079400,-0.01333054593066052,0.18139138092675278,551.1071533203125,577.0460540771485
2025-03-14,553.3369140625,554.3397648685512,542.2074423986709,546.7496748611676,62660300,0.02065567864541107,0.19545324841149175,548.5292846679688,574.7395416259766
2025-03-17,557.60400390625,560.1209127085318,552.8847473951123,553.3173439083719,49008700,0.007711558248340689,0.19939518335370968,549.8211669921875,572.6478576660156
2025-03-18,551.5770874023438,555.5097605205915,549.6500559715837,555.2934322950165,66041400,-0.010808596175216012,0.19944759241254262,550.8239990234375,570.1668365478515
2025-03-19,557.5843505859375,561.3400614190263,552.176923890437,553.3567380801147,66556000,0.010891067306448399,0.20539433643530727,552.4482055664063,567.9153900146484
2025-03-20,555.9718017578125,560.9663132490421,553.1304311253591,553.8481847501696,62958200,-0.0028920266977192632,0.20541383139390706,555.2148315429688,565.7086639404297
2025-03-21,556.1552734375,557.0526817242638,550.2878724028328,551.5205297947124,83763000,0.00033000177186570667,0.19960126433035646,555.7785034179688,564.0243286132812
2025-03-24,566.1151733398438,567.1703352751009,562.2890000340255,562.880651498493,58766800,0.01790848775160092,0.21257825640269085,557.4807373046875,562.9721893310547
2025-03-25,567.4760131835938,568.4127846067184,565.73055113845,567.3181993393742,38355700,0.0024038215328545665,0.21270189487692057,560.6605224609375,562.1340942382812
2025-03-26,560.7012939453125,568.3338979913931,559.3206937528307,567.2097001365158,51848300,-0.011938335860707916,0.2158112657053221,561.2839111328125,560.9425170898437
2025-03-27,559.2122802734375,562.9792883535321,557.101956447335,559.3108687859911,42164200,-0.002655627315210407,0.20946168450490676,561.9320068359375,560.1430023193359
2025-03-28,547.9507446289062,558.413587192946,547.3689639965595,557.6838635858104,71662700,-0.020138212342233786,0.20956795951897272,560.2911010742188,558.3315948486328
2025-03-31,551.6289672851562,552.93066066187,539.2826520783074,542.201606334121,95328200,0.006712688489439067,0.2050778096789054,557.3938598632812,557.2158355712891
2025-04-01,553.18701171875,555.1297110203275,545.9981756472096,549.715889513425,54609600,0.002824442743211364,0.20224085669598957,554.5360595703125,556.5176574707032
2025-04-02,556.6878662109375,559.547595484726,547.1125611273237,547.3492217360947,76014500,0.006328518960180052,0.19937554536275667,553.7333740234375,555.68974609375
2025-04-03,529.2537841796875,540.3673821784607,529.2537841796875,537.5470765410741,125986000,-0.04928090532667517,0.2568291167496938,547.7416748046875,553.9989166259766
2025-04-04,498.2696838378906,518.5740121118964,498.05273494035157,516.404523136506,217965100,-0.05854299254528794,0.321287642407201,537.8054626464843,550.6010879516601
2025-04-07,497.3821716308594,515.9114550791749,475.115432610906,482.40291724281104,256611400,-0.0017811884523963872,0.3122796669810584,526.956103515625,547.9129669189454
2025-04-08,489.5918273925781,517.6963871548359,482.37337814369187,514.6196789750944,165816600,-0.015662692960500824,0.3144180086316763,514.2370666503906,545.0644119262695
2025-04-09,541.0084228515625,541.0084228515625,486.20939567811143,486.59399925019795,241867300,0.10501930911064017,0.5021800498301848,511.10117797851564,544.6416671752929
2025-04-10,517.3019409179688,526.0981670837639,502.25365007002944,524.7866027854379,162331200,-0.043819062573260736,0.523856494530277,508.7108093261719,543.3998306274414
2025-04-11,526.5320434570312,528.9874872153164,512.8544826104954,515.7536950429114,97866300,0.01784277577362925,0.5223476169597469,514.36328125,542.059587097168
2025-04-14,531.6401977539062,536.7286411738348,526.453165817952,536.5017912856171,68034000,0.009701506983955888,0.522884658738011,521.2148864746093,540.7613967895508
2025-04-15,530.1510620117188,535.6930840370895,529.3621734315309,532.1824786951643,56892900,-0.0028010217219820444,0.5218422190223267,529.3267333984375,539.6900955200196
2025-04-16,518.3668823242188,530.4272422697393,513.0713913810127,524.3033791384568,83484800,-0.022227965823144014,0.5246654031685137,524.7984252929688,537.7292221069335
2025-04-17,519.1065063476562,523.800475242003,516.6411916080497,520.3194821276195,79868100,0.0014268350248789474,0.524915672208112,525.1593383789062,535.8859573364258
2025-04-21,506.7503356933594,514.4618467446136,501.40552056556845,513.9293002870572,69368100,-0.02380276591259234,0.5299015907132701,521.2029968261719,533.4157104492188
2025-04-22,519.9349365234375,521.956482797522,511.9867633247528,512.9235950678715,75948100,0.02601794197538787,0.5351297354262943,518.8619445800781,531.1066986083985
2025-04-23,527.991455078125,537.8625838932508,526.4728430251603,532.9319549297188,90590700,0.015495243709833462,0.5391191160413913,518.4300231933594,529.132470703125
2025-04-24,539.105224609375,539.8349482182391,528.0211780146883,529.2735171048926,64150400,0.021049146580611966,0.5446054653969861,522.5776916503906,528.0526672363281
2025-04-25,543.0003662109375,543.4046513367819,536.1467793425768,539.0657336001437,61119600,0.007225197278295514,0.5454356154987461,527.3564636230469,527.2420715332031
2025-04-28,543.2074584960938,545.8700106135369,537.4583875113086,543.7400050325934,47613800,0.0003813851666460977,0.5406893717117689,534.6478881835938,527.0049072265625
2025-04-29,546.6292724609375,547.7435994540236,540.9393072120234,541.294298062473,47775100,0.006299276475910887,0.5406243536600948,539.9867553710938,526.7549224853516
2025-04-30,546.8462524414062,548.7988227140515,534.0069337400583,539.9729835885655,93101500,0.00039694175083582195,0.5405298492895685,543.75771484375,526.4378845214844
2025-05-01,550.7217407226562,556.2440822591161,550.1202183270924,552.5954041380958,63186100,0.007086979683865069,0.5406550006391545,546.0810180664063,526.1395782470703
2025-05-02,558.896728515625,560.4942476694231,554.5774922291787,556.8948640346016,60717300,0.014844134866078829,0.5101866154486698,549.2602905273437,527.6217254638672
2025-05-05,555.6917724609375,558.7882219920989,553.9068871278389,554.7648117792631,38659200,-0.005734433377700299,0.45708589700847657,551.7571533203125,530.4928298950196
2025-05-06,551.047119140625,555.533979770925,549.2326812616892,550.1891944565425,48264700,-0.008358326594873233,0.459133531225285,552.64072265625,533.1760772705078
2025-05-07,553.3645629882812,555.9975022415719,548.3254139860352,552.3784371058738,55588000,0.00420552756227166,0.4523427776270262,553.944384765625,536.364714050293
2025-05-08,557.2202758789062,562.3974366423718,553.9069074354913,557.3977713110521,65130800,0.006967762571935099,0.2637055615182439,555.244091796875,537.1753067016601
2025-05-09,556.51025390625,559.6263849147109,554.9521583078488,558.6205173502777,37603400,-0.0012742213508586397,0.20267772720011692,554.766796875,539.1357223510743
2025-05-12,574.9015502929688,574.9114211824733,569.0340889310521,573.4026196086874,78993600,0.03304754271395138,0.22289097120464468,558.6087524414063,541.5541976928711
2025-05-13,578.6981811523438,580.907093658496,574.7536773375426,575.3157161654024,67947200,0.006603966987809073,0.22220187040674552,564.13896484375,543.907096862793
2025-05-14,579.437744140625,580.8084133986617,577.4161378946785,579.6546629482465,66283500,0.0012779770394448775,0.22093071923574034,569.3536010742188,546.3714309692383
2025-05-15,582.2678833007812,582.770756919371,576.9822030720642,577.4358426248243,71268100,0.004884285134641564,0.19701904894982447,574.3631225585938,549.5664810180664
2025-05-16,585.9559326171875,586.251758304484,581.104210780506,583.0468496173695,76052100,0.006333939106342834,0.19630941484189618,580.2522583007812,552.908952331543
2025-05-19,586.596923828125,587.2773530559552,579.9405744991373,579.9405744991373,68168500,0.001093923920310047,0.16299644013873937,582.5913330078125,556.9012817382812
2025-05-20,584.624755859375,585.8081190582527,581.4198464644389,584.8614766498325,60614500,-0.0033620496266493216,0.15142035447973726,583.7766479492187,560.1357727050781
2025-05-21,574.7733764648438,584.3585523251965,573.7478271095126,580.2759763071138,95197700,-0.016850773587324563,0.16702711721032384,582.8437744140625,562.4748687744141
2025-05-22,575.0001220703125,578.4811148637216,573.3433777523152,574.5760350084579,70860400,0.00039449566516691625,0.15524148771785656,581.3902221679688,564.2696136474609
2025-05-23,571.0753173828125,573.7378691727489,567.6140060747297,567.988738706783,76029000,-0.006825745833528796,0.1584756408767117,578.4140991210937,565.6733612060547
2025-05-27,582.9483642578125,583.1061179228353,570.4048112020747,577.938827709351,72588500,0.02079068471986001,0.1708148289456372,577.6843872070312,567.6604064941406
2025-05-28,579.5758056640625,584.5459191469531,578.8460820656009,583.3526850377893,68445500,-0.005785347040202837,0.1736365452865358,576.6745971679687,569.3077331542969
2025-05-29,581.863525390625,584.9698457847473,577.9387639052553,584.8317737253767,69973300,0.003947231240857718,0.17339134509720108,578.092626953125,571.0585968017579
2025-05-30,581.2128295898438,582.928679235147,575.1481304892388,580.7591899526665,90601200,-0.001118296253996065,0.17337559310018424,579.3351684570313,572.5831512451172
2025-06-02,584.4866943359375,584.5655410710423,576.9428072484826,579.6053591727813,61630500,0.0056328156906035876,0.1678513683659511,582.0174438476563,573.8626495361328
2025-06-03,587.81982421875,588.7960792462304,583.6385997733717,584.1218520308094,63606200,0.005702661694633404,0.1654892468584282,582.9917358398437,575.4690521240234
2025-06-04,587.6619262695312,589.6539195966438,587.2280285207049,588.6776647088699,57314200,-0.00026861623700524806,0.16063242324116245,584.6089599609375,577.2997924804688
2025-06-05,584.8218994140625,590.6893600195378,582.8496477946317,589.3383724752952,92278700,-0.004832756264298466,0.16311883668458912,585.200634765625,578.8726593017578
2025-06-06,590.8274536132812,592.4940086999786,588.5790577947733,590.3540722792903,66588700,0.010269030973764526,0.16464651041402625,587.1235595703125,580.5530181884766
2025-06-09,591.3599243164062,592.9081490758875,590.1864321834666,591.3993476813894,53016400,0.0009012287764704752,0.16408056460971426,588.4982055664062,582.2955017089844
2025-06-10,594.7127685546875,595.0973118762876,590.7781362147839,591.8924030034493,66247000,0.005669718390465928,0.12087955129625388,589.8767944335938,583.2860626220703
2025-06-11,593.0166625976562,596.6653405011278,590.9556931519085,595.8074157747775,73658200,-0.002851975015019881,0.12047478240702116,590.9477416992188,584.001986694336
2025-06-12,595.3734741210938,595.3734741210938,591.2021810906274,591.6853731206485,64129000,0.0039742753822695764,0.12086259887523887,593.058056640625,584.7987731933594
2025-06-13,588.7171630859375,593.499849631983,587.218232455665,590.1963519379123,89506000,-0.011180059785133145,0.12793824223692787,592.6359985351562,585.1212371826172
2025-06-16,594.3182983398438,596.0637602908375,591.892407169678,592.0699627819344,79984100,0.009514136167775744,0.13031069357861033,593.2276733398437,585.53935546875
2025-06-17,589.2398681640625,593.401290785268,588.480531921813,591.8826784891205,82209400,-0.008544966880486782,0.13439201626847846,592.1330932617187,585.6715026855469
2025-06-18,589.1510620117188,592.8785866278505,588.1944885876793,590.1371879149127,76605000,-0.00015071307483049967,0.13372626269283192,591.3599731445313,585.897817993164
2025-06-20,587.7673950195312,592.8906208578056,586.3629131433069,591.8224395288368,94051400,-0.002348577608368929,0.11785170487814199,589.8387573242187,586.5475189208985
2025-06-23,593.5730590820312,593.9587392448562,585.4035696790836,588.5190130228361,87426000,0.009877485739587577,0.12179266349374698,590.8099365234375,587.4761657714844
2025-06-24,600.13037109375,601.1885919192599,596.7972471416377,597.7072083922786,67735300,0.011047186039507384,0.12188077429481274,591.9723510742188,588.9289184570313
2025-06-25,600.4666748046875,601.940336500435,598.903972841808,601.247995602986,62114800,0.0005603844216792719,0.10100897378298994,594.2177124023438,589.804833984375
2025-06-26,605.1646118164062,605.5997923429508,601.7029677445283,602.3161684365299,78548400,0.007823809728070064,0.09952971432705641,597.4204223632812,591.0842742919922
2025-06-27,608.1712646484375,609.6350865938839,604.1360202356653,606.1635425121184,86258400,0.0049683222933454285,0.0998355421150952,601.5011962890625,592.3996612548829
2025-06-30,611.0791015625,612.4340832221852,608.2998981128763,610.6142811588834,92502500,0.004781279687299023,0.09940491563220456,605.0024047851563,593.8929748535156
2025-07-01,610.8812866210938,612.0483479268365,608.7746241554748,609.6053849111585,70030100,-0.0003237141327537829,0.09918513752813385,607.152587890625,595.2127044677734
2025-07-02,613.6505737304688,613.6901136433279,609.8526292762224,610.4757300098587,66510400,0.00453326557880418,0.09872781919280797,609.7893676757812,596.5042419433594
2025-07-03,618.4869995117188,619.4167005776212,615.6088560521965,615.628656191773,51065800,0.007881400243543668,0.10028311086779428,612.4538452148438,598.0454956054688
2025-07-07,613.8780517578125,617.1913758193931,611.0988485499288,616.5286747873084,74814500,-0.007451971921066947,0.10323787093239277,613.5952026367188,599.4983032226562
2025-07-08,613.5418090820312,615.2923708557059,612.7307881009865,614.5406899285775,59024600,-0.0005477352950125081,0.09943871673314982,614.087744140625,600.6340209960938
2025-07-09,617.2210083007812,617.8737488887257,614.1055045789822,615.945166968477,66113300,0.005996656078344209,0.10039573098048794,615.3556884765625,601.9270751953125
2025-07-10,618.9617309570312,620.0002120765442,616.1825277796053,617.3594891460615,57529000,0.002820258275139098,0.09958127173207526,616.417919921875,603.1395233154296
2025-07-11,616.7858276367188,618.0122289852302,614.7187654701638,615.9154666088177,63670200,-0.0035154084840562927,0.10003847249740305,616.077685546875,604.3279815673828
2025-07-14,617.9627075195312,618.3088477245484,614.985684437804,616.3307657158283,51898500,0.0019080851570825175,0.09976221781050557,616.8946166992188,605.4574432373047
2025-07-15,615.3220825195312,620.9793689858044,615.242942324076,620.6431287961128,74317300,-0.004273113843065612,0.09033457139628912,617.2506713867188,606.7876892089844
2025-07-16,617.3792114257812,617.8836320494379,611.276844692317,616.9044910111767,88987500,0.0033431741923299896,0.08629850331529872,617.2823120117188,607.9407348632812
2025-07-17,621.1574096679688,621.5135103761386,617.3397251475282,617.5573456006476,68885700,0.006119736739210957,0.07801613869911081,617.7214477539062,609.5366119384765
2025-07-18,620.7024536132812,622.5716954836944,619.5947323692288,622.4035753929759,65621600,-0.0007324327901533367,0.07832009710422445,618.5047729492187,611.1141815185547
2025-07-21,621.87939453125,624.6189973413707,621.4541141003111,621.87939453125,63375000,0.001896143492131186,0.07616581092836897,619.2881103515625,612.8197814941407
2025-07-22,621.9683837890625,622.8288447335428,619.3276609031153,622.2057439990875,60046300,0.00014309729281114514,0.07195038691253629,620.6173706054688,614.2395477294922
2025-07-23,627.2598266601562,627.2598266601562,622.8288811376781,624.6289433239532,70511000,0.008507575318954297,0.06835313906820058,622.5934936523438,615.5960205078125
2025-07-24,627.4674682617188,629.1785504969665,627.0421878119985,627.6454884244192,71307100,0.00033102965109055305,0.06843188751754499,623.8555053710937,616.9460601806641
2025-07-25,630.1181030273438,630.5928838363332,627.8829206987424,628.1301809903662,56865400,0.004224338152491125,0.0656521580021909,625.7386352539063,618.193734741211
2025-07-28,629.9598999023438,631.0478210681617,628.5752180855901,630.4939604147171,54917100,-0.0002510690047468067,0.06516678938609921,627.354736328125,619.2831665039063
2025-07-29,628.2982177734375,631.6708211428117,627.3883169234746,631.3543207675477,60556300,-0.002637758576639282,0.06593579919131498,628.620703125,620.1441223144532
2025-07-30,627.507080078125,630.6917636576716,624.6190364089183,628.9510415464463,80418900,-0.0012591754567060631,0.06634224343833998,628.6701538085938,620.9754119873047
2025-07-31,625.1531982421875,632.8380075585872,623.857556644127,632.4523273568442,103385200,-0.0037511637886928906,0.06757891978874911,628.2072998046875,621.5505432128906
2025-08-01,614.9065551757812,619.475980234049,612.5031927364548,619.436379958757,140103600,-0.016390611285710288,0.08671331632415986,625.164990234375,621.3715209960938
2025-08-04,624.2530517578125,624.3024917393647,618.7243458354196,618.813325728958,73218000,0.015199864928028717,0.09834895502121348,624.0236206054688,621.8902709960937
2025-08-05,621.0880737304688,625.6772386500149,620.168272806011,624.8662177521945,68051400,-0.005070024116712868,0.10049209569767642,622.581591796875,622.2675842285156
2025-08-06,625.845458984375,626.4981995520814,621.2463937026511,622.1562946160922,64357500,0.007659759469106797,0.10183440937525101,622.249267578125,622.6988067626953
2025-08-07,625.3212280273438,629.9993730574174,622.2156245224251,629.2674923107387,74205800,-0.000837636431655131,0.10165839272639181,622.2828735351562,623.0167816162109
2025-08-08,630.1972045898438,630.6620853000642,626.7949007710238,627.1114011688534,64051600,0.007797554830949682,0.10359926881944634,625.3410034179688,623.6873504638672
2025-08-11,628.9510498046875,631.947873553624,627.70484826023,630.4742118551501,58742300,-0.0019774044951013092,0.10411229181283922,626.2806030273438,624.236767578125
2025-08-12,635.6469116210938,635.8051316570012,629.8115442075018,631.2951060550639,64730800,0.010646077812391797,0.10768384877669827,629.1923706054688,625.2530090332032
2025-08-13,637.82275390625,639.10849531226,635.6369512596368,637.8424936799373,60092800,0.0034230360367946133,0.10770089442892353,631.5878295898438,626.2751861572266
2025-08-14,637.882080078125,638.5447207235369,635.300697252298,635.7457174616427,59327500,9.301357079483097e-05,0.10650303794792085,634.1,627.1114196777344
2025-08-15,636.388671875,639.0096552004113,635.4787708739423,638.9107148606824,68592500,-0.0023411979263346927,0.10707196090484031,635.3382934570312,627.8957305908203
2025-08-18,636.2501220703125,636.942462907598,635.1424008771667,635.814941575414,43804900,-0.00021771255650937515,0.10717094823013437,636.7981079101562,628.6142669677735
2025-08-19,632.7984008789062,637.0512656505922,631.4829592777961,636.0721245937336,69750700,-0.00542510102815319,0.1096683630326341,636.2284057617187,629.1557678222656
2025-08-20,631.1170043945312,632.6500060324975,626.013578858981,632.3929060531275,88890300,-0.002657080804944645,0.10649225346556543,634.887255859375,629.3486267089844
2025-08-21,628.5850830078125,630.9785456585483,626.864161086776,629.3071240874224,54805800,-0.004011809805612443,0.10760057145587668,633.0278564453125,629.404507446289
2025-08-22,638.2382202148438,639.41518174206,630.2665499847296,630.7709706915778,84083200,0.015356930140372649,0.11980907999933033,633.3977661132812,629.810513305664
2025-08-25,635.42919921875,638.2183023325629,635.3105191174199,636.9820009718095,51274300,-0.004401210875694894,0.12112947240305584,633.2335815429688,630.0839782714844
2025-08-26,638.0897827148438,638.4359833484747,634.5391586749303,635.1622594491828,51581600,0.004187065214133812,0.12123712029667441,634.2918579101563,630.5735565185547
2025-08-27,639.5436401367188,640.2755208793137,637.3578376120881,637.5062179210042,48341100,0.002278452752666471,0.12108998195845762,635.9771850585937,631.1753845214844
2025-08-28,641.8085327148438,642.3623933153343,638.267809046051,640.146950913372,61519500,0.0035414199062957508,0.12007510770253323,638.621875,632.0081512451172
2025-08-29,637.98095703125,640.7404203673219,636.0919150690585,640.374419619015,74522200,-0.005963734491660877,0.10432215592232873,638.5704223632813,633.1618713378906
2025-09-02,633.2533569335938,633.4709169972102,627.9619508913343,630.5136938017484,81983500,-0.0074102526816088865,0.09657173289374653,638.13525390625,633.6118865966797
2025-09-03,636.685302734375,637.1501834379544,633.4412793439511,635.6270215222661,70820900,0.005419546163007771,0.09538165795468076,637.8543579101563,634.391748046875
2025-09-04,642.00634765625,642.0360478647699,636.4578416280056,637.3578424589464,65219200,0.008357417548391144,0.09603263282615931,638.3468994140625,635.1997924804688
2025-09-05,640.14697265625,645.0625384730564,636.2798483910566,644.3404973975818,85178900,-0.0028961941058495144,0.09691232808753357,638.0145874023438,635.9410797119141
2025-09-08,641.7195434570312,642.718484610511,640.1370415028089,641.5118230975241,63133100,0.0024565777359784047,0.0938897444948956,638.7623046875,636.5171966552734
2025-09-09,643.203125,643.7272854003053,640.1271612550325,641.8579832056892,66133900,0.0023118846201510834,0.0933654432977867,640.7522583007812,637.2298004150391
2025-09-10,645.0625610351562,647.3768835600082,643.4998590892842,646.4570825189741,78034500,0.002890900188266654,0.08671104960788109,642.4277099609375,637.7005828857422
2025-09-11,650.4231567382812,651.1154976382888,646.4274520986086,647.0109525903231,69934400,0.008310195052279257,0.0903677414183748,644.1110717773438,638.3306030273437
2025-09-12,650.2055053710938,651.8868873722256,649.7011451004063,650.3934256012134,72780100,-0.000334630409346115,0.09043701173078189,646.1227783203125,638.9467742919921
2025-09-15,653.6671142578125,653.7956944276398,652.114372883025,652.4110731340584,63772400,0.0053238689277832485,0.09080401014298155,648.5122924804688,639.8106964111328
2025-09-16,652.7671508789062,654.5276730798186,651.9858301119879,654.2210123755038,61169000,-0.0013767915798059693,0.0911629096301481,650.42509765625,640.6365478515625
2025-09-17,651.9561767578125,654.4683196962441,647.1296508296768,652.7770978636573,101952200,-0.0012423635595048,0.0882336969288277,651.8038208007813,641.5944366455078
2025-09-18,655.0023803710938,657.603563340362,653.0341982051615,654.6364399867887,90459200,0.0046724054804268,0.08747842201286445,652.7196655273438,642.788705444336
2025-09-19,658.2465209960938,659.0895125014193,654.9438659954435,656.8877828567474,97945600,0.004952868450893266,0.08523823621561408,654.3278686523438,644.27177734375
2025-09-22,661.3607177734375,661.8069717744121,656.7290467709187,656.7588293222589,69452200,0.004731049353107419,0.07080987475947184,655.8665893554687,645.4279022216797
2025-09-23,657.7606201171875,661.8566899635472,656.540685502851,661.2417286303936,81708900,-0.005443470649980853,0.07210345250999806,656.865283203125,646.5444732666016
2025-09-24,655.6678466796875,659.1490153831234,654.2496039734066,659.0498612769777,68082200,-0.0031816642308674092,0.07351474989189359,657.6076171875,647.4233764648437
2025-09-25,652.6429443359375,653.9917550046746,649.0328388399253,652.5338627083877,89622100,-0.004613467564511753,0.07639893027104579,657.1357299804688,648.0783416748047
2025-09-26,656.3820190429688,656.9274877414105,652.4743904900326,654.0910020825955,69179200,0.005729127602591033,0.0777374894138116,656.7628295898437,648.807015991211
2025-09-29,658.2266845703125,659.8135740530697,656.4216318338509,658.9010899003678,73499000,0.0028103535347194786,0.07321893393477115,656.1360229492187,649.819302368164
2025-09-30,660.7061157226562,661.1722852976668,656.173659297658,657.4828203674869,86288000,0.003766834755358328,0.06535724716464826,656.7251220703125,651.1919403076172
2025-10-01,662.95751953125,663.8699431635192,657.611793334362,657.7208749627936,72545400,0.0034075722246513784,0.06439821222037746,658.183056640625,652.5055511474609
2025-10-02,663.7210693359375,665.0600128657511,661.3011766397112,664.9410037342527,56896000,0.0011517326256851312,0.059935228730631396,660.398681640625,653.5912872314453
2025-10-03,663.7112426757812,667.1527012490268,662.6698219114437,664.4848020775174,70494400,-1.4805406382656372e-05,0.05785959997347296,661.8645263671875,654.7695007324219
2025-10-06,666.0914916992188,666.9841207809839,663.9591941673339,666.1014192164715,54623300,0.003586271966467658,0.05816379639514478,663.4374877929688,655.9880981445312
2025-10-07,663.6219482421875,667.4601442579947,662.1838505424819,667.0138297258598,72020100,-0.0037075138893177817,0.06139471110052182,664.020654296875,657.0090393066406
2025-10-08,667.5791625976562,667.6783772359653,663.919480237528,664.7426772273783,60702200,0.005963055269571305,0.06321233950431836,664.9449829101562,658.1348693847656
2025-10-09,665.6452026367188,668.4023890582872,663.7112737749407,667.9957845708525,66501900,-0.002896974724933221,0.060171002884587634,665.3298095703125,658.8959716796875
2025-10-10,647.6542358398438,668.4122493878771,647.4757221413303,666.6071968358344,159422600,-0.027027862178845674,0.11687460174886512,662.118408203125,658.768408203125
2025-10-13,657.5919189453125,659.664772492732,654.3488290056752,655.2216030747315,79560500,0.015344118135168339,0.1280046185580616,660.4184936523437,658.9646484375
2025-10-14,656.78857421875,660.3590300864076,647.8030207789583,651.7701536094826,88779600,-0.0012216462876413203,0.127978354861177,659.0518188476562,659.1657196044922
2025-10-15,659.7044677734375,664.7228887516702,653.5157497881946,661.3409343998026,81702600,0.004439622839291779,0.1286351886153251,657.4768798828125,659.5531341552735
2025-10-16,655.211669921875,663.215367636124,651.7106461582608,661.3408828539109,110563300,-0.006810318970138396,0.13028716048789937,655.3901733398437,659.5635986328125
2025-10-17,658.9308471679688,660.2895852935891,652.7322022395391,654.0810128478913,96500900,0.0056762988463516795,0.1306730954667912,657.6454956054688,659.5978149414062
2025-10-20,665.7840576171875,666.6866142382812,661.7872027532737,661.8367798071084,60493400,0.010400500262923273,0.13483049046306458,659.2839233398438,659.8189819335937
2025-10-21,665.7740478515625,667.4600912091562,664.4748144266518,665.9228395283285,56249000,-1.503455288609512e-05,0.13309298297596145,661.0810180664063,660.2196533203125
2025-10-22,662.3128051757812,666.4783066993808,657.8497808005621,666.4783066993808,80564000,-0.005198824867010954,0.134050224925751,661.602685546875,660.5519012451172
2025-10-23,666.2402954101562,667.1825015615415,662.3128121266341,662.6301900162397,65604500,0.005929962705964353,0.1339001411664855,663.8084106445312,661.2317687988282
2025-10-24,671.6851806640625,672.8951271271609,670.0983517375236,670.9016937183009,74356500,0.008172554694480416,0.13530240060506538,666.35927734375,661.9969268798828
2025-10-27,679.6094970703125,679.9070199177999,676.5151383891614,677.1201116013259,63339800,0.011797664492784632,0.14039687374542115,669.124365234375,663.0660675048828
2025-10-28,681.41455078125,683.2493254549719,679.2028936555786,681.4046232640447,61738100,0.002656016019079832,0.1402286586082819,672.2524658203125,664.1014892578125
2025-10-29,681.7418212890625,684.0328379014793,677.2589421639235,683.0608492697363,85657100,0.0004802810674313651,0.14010803270842842,676.1382690429688,665.0407043457031
2025-10-30,674.2439575195312,680.303738053287,674.2439575195312,678.2805222142791,76335800,-0.010998098598900663,0.14690687227752708,677.7390014648438,665.5668487548828
2025-10-31,676.4556274414062,679.4508319897004,673.6587916341136,679.4111219213156,87164100,0.0032802220875831622,0.1471216681852746,678.6930908203125,666.204067993164
2025-11-03,677.7251586914062,680.1649066224819,674.3530715971103,680.0359699637585,57315000,0.0018767398754619968,0.14684681853487794,678.3162231445312,666.7857513427734
2025-11-04,669.6917114257812,674.3729598389511,669.0371611161902,670.5545580097922,78427000,-0.01185354736001909,0.1529615285075651,675.9716552734375,667.0892395019531
2025-11-05,672.012451171875,675.2654684624238,668.6304366940664,669.4337786331213,74402400,0.0034653852011290454,0.15203244996479054,674.02578125,667.310903930664
2025-11-06,664.8021850585938,671.8140994484131,663.2252231578799,670.9115428502156,85035300,-0.010729363869237507,0.15673735633919636,672.1374267578125,667.2687530517578
2025-11-07,665.4567260742188,665.5658682287408,655.7769731606511,662.4218719882706,100592400,0.000984565078659072,0.11992801762452361,669.937646484375,668.1588775634766
2025-11-10,675.8407592773438,676.57466917413,669.4834554774103,671.6752576501947,75842900,0.01560437034633999,0.12033269694371689,669.5607666015625,669.0713195800781
2025-11-11,677.3878784179688,677.9532020666294,673.1529450781785,674.3629519753922,58953400,0.002289177027853917,0.11996417771880942,671.1,670.101284790039
2025-11-12,677.7647705078125,679.3318048264125,675.3547447293747,679.1631581075335,62312500,0.0005563903663643455,0.11952430711205522,672.2504638671875,671.0042999267578
2025-11-13,666.5179443359375,675.2654792192372,665.010475070097,674.9084518036677,103457800,-0.016593996414786205,0.13273007660320538,672.5936157226563,671.569613647461
2025-11-14,666.408935546875,670.1082678298286,657.8201189320223,659.9127671356764,96846700,-0.0001635496688257021,0.13154996166817184,672.7840576171875,671.9435180664062
2025-11-17,660.2003173828125,668.1742931923078,656.7290761218832,664.1972328051172,90456100,-0.009316528985265693,0.13067667321189513,669.6559692382813,671.6643310546875
2025-11-18,654.6563110351562,659.6548768721069,650.4709542015795,656.6596720569411,114467500,-0.0083974608943449,0.13371098878991405,665.1096557617187,671.1084442138672
2025-11-19,657.1853637695312,661.8566848395906,653.3372397764296,655.3505889035424,94703000,0.0038631762831033978,0.13363323762084595,660.9937744140625,670.8520721435547
2025-11-20,647.1683349609375,670.0090710879778,646.5335791707308,667.3808213360044,165293500,-0.015242318774626007,0.14133761520533517,657.1238525390625,669.8984741210937
2025-11-21,653.6149291992188,659.0895314498267,645.5020891320908,649.667590792559,123956200,0.009961232480063087,0.14307850772410816,654.5650512695313,668.9949615478515
2025-11-24,663.235107421875,664.5541959227929,656.1538219404428,657.2447591605586,80437900,0.014718418739979588,0.14695431728006567,655.1720092773437,668.1762420654297
2025-11-25,669.4734497070312,670.6536740212097,659.020017057554,663.135941149376,81077100,0.00940592893130443,0.15118239288046276,658.1354370117188,667.5791870117188
2025-11-26,674.09521484375,676.0986363282427,671.1595147067713,672.0620713400136,71879600,0.006903582418005261,0.15362620666838353,661.5174072265625,667.1968566894532
2025-11-28,677.7747192382812,678.0523870500939,674.9084513312986,675.2654787466182,49212000,0.0054584342293309,0.14979646880831857,667.6386840820312,667.3733947753906
2025-12-01,674.6803588867188,677.3779800628074,673.1629015749381,673.2323336611282,61201200,-0.004565470301164498,0.1503165831948117,671.8517700195313,667.2846313476563
2025-12-02,675.9300537109375,678.2012155152329,673.7481184984898,676.316803165018,62953800,0.0018522768711999316,0.15031236574667411,674.3907592773437,667.1948760986328
2025-12-03,678.2706298828125,679.2822075879724,674.105128319461,674.9779023816353,57238500,0.003462749080359595,0.144118915452837,676.1501953125,667.6238220214843
2025-12-04,678.7664794921875,679.7384076011712,675.7415530139849,679.6689755171525,61970300,0.0007310498015529188,0.14374330136294897,677.0844482421875,667.9615234375
2025-12-05,680.0557861328125,682.7336127271673,678.9549213715281,679.8375623637357,79241000,0.0018994848443159018,0.13746553186678215,677.5406616210937,668.7242034912109
2025-12-08,678.0127563476562,680.9980334759979,675.9696853695019,680.9484564225444,55231500,-0.0030042091058060105,0.1382639641388235,678.2071411132813,669.3520050048828
2025-12-09,677.427490234375,679.7582167824522,676.9812362772177,677.5366323782647,58310100,-0.000863208114894487,0.12704981635363355,678.5066284179687,669.4313415527344
2025-12-10,681.92041015625,683.3088703732143,675.711837383319,676.9515664343469,85671300,0.006632325948745521,0.1289419906958132,679.2365844726562,669.6579681396485
2025-12-11,683.5072021484375,683.5865617528303,676.5647198382891,679.51034738166,86173700,0.0023269460314641055,0.12912989262092398,680.1847290039062,669.9450897216797
2025-12-12,676.1580810546875,683.2195721462687,673.5893360954813,682.5153843270051,113160300,-0.010752075575282682,0.12026134945923647,679.4051879882812,670.4270965576172
2025-12-15,675.1365356445312,680.1252340287925,673.6687159286942,680.1053789946951,90811000,-0.0015108085502177904,0.12049129165792295,678.8299438476563,670.8634765625
2025-12-16,673.2918701171875,675.4837328267965,669.4338188610296,673.6488975485244,122030600,-0.002732285145230273,0.11540692082118639,678.0028198242187,671.5180541992188
2025-12-17,665.8832397460938,674.8489377460819,665.6848710067972,674.3034691132465,110625200,-0.011003593983400228,0.11855169065060864,674.7953857421875,672.0794006347656
2025-12-18,670.9114990234375,675.1464323222394,669.3544527925658,672.0322187932205,108650100,0.00755126270975226,0.12049075467676945,672.2762451171875,672.7657073974609
2025-12-19,676.9923095703125,677.4896664833268,672.8940327515619,673.0134542661981,103599500,0.009063506223587092,0.10700459415863085,672.4430908203125,674.2569061279297
2025-12-22,681.2098999023438,681.7370666700199,676.9923229108747,680.3245900087294,69556700,0.00622989400678442,0.1042344206841499,673.657763671875,675.6366546630859
2025-12-23,684.3233032226562,684.562024812114,680.2548972126992,680.3046207584179,64840000,0.0045704023396588855,0.09361094872307012,675.8640502929687,676.691064453125
2025-12-24,686.7305297851562,687.1781631452748,684.164151137988,684.313382495532,39445600,0.003517674396244841,0.08931936632392803,680.0335083007812,677.5539184570313
2025-12-26,686.660888671875,688.0037280321676,685.6264081645946,686.989161229118,41613300,-0.00010140966545213459,0.08690704952749334,683.1833862304687,678.1822021484375
2025-12-29,684.2138671875,685.5567672531378,682.4433081832867,683.9055083361335,62559500,-0.0035636535074947684,0.08658315894268757,684.6276977539062,678.5041595458985
2025-12-30,683.3783569335938,684.9201512250444,682.9506372729019,683.8160334465714,47160700,-0.0012211244085722495,0.08479000828579625,685.0613891601563,678.9390594482422
2025-12-31,678.3152465820312,683.726492314561,678.1063955310838,683.5076844111845,74144800,-0.0074089416209803804,0.08930698546422171,683.8597778320312,679.0583190917969
2026-01-02,679.55859375,683.2390468658663,676.2263268834449,682.0852055985325,89377200,0.0018329931020035772,0.08870045558554382,682.425390625,679.1227172851562
2026-01-05,684.0845336914062,685.7855161168121,682.7516512212146,682.910778712987,71927200,0.006660117292359935,0.09169749736592657,681.9101196289063,679.3886199951172
2026-01-06,688.1529541015625,688.6602678554459,684.1442890432024,684.2934596862484,69273800,0.0059472480516442605,0.09367611978726073,682.6979370117188,679.7934783935547
2026-01-07,685.9347534179688,690.2916046822218,685.6761181181482,688.5309418430683,75588300,-0.003223412281198157,0.09379140581997183,683.2092163085938,680.1895782470704
2026-01-08,685.8651123046875,686.9692300361542,683.8557710289468,685.1787573638412,64019200,-0.00010152731427326422,0.09367295721715205,684.719189453125,680.611459350586
2026-01-09,690.4010009765625,691.6344363504869,685.5368360184962,686.9791831428475,80125500,0.006613382996888628,0.09365689616149409,686.8876708984375,681.0354888916015
2026-01-12,691.4852294921875,692.410366767912,686.979207477028,687.0289310253164,63976000,0.00157043300066384,0.0935139923927432,688.3678100585937,681.4343902587891
2026-01-13,690.1026000976562,692.4103433578374,687.6953490317495,691.813478661017,78309700,-0.0019995067653818532,0.08411414585273082,688.7577392578125,682.1316162109375
2026-01-14,686.7106323242188,688.0634285762314,682.4134612479594,687.3472637531122,94676700,-0.0049151644595419874,0.0863196157550393,688.9129150390625,682.7103210449219
2026-01-15,688.5806884765625,691.7737417111902,687.5959315038539,690.8983886882239,77862000,0.002723208385480236,0.08547282346034475,689.4560302734375,683.4747619628906
2026-01-16,688.0037231445312,690.5800586110835,686.4519720383781,689.9931507530615,79289200,-0.000837905189162047,0.07303333028596239,688.9765747070312,684.5807861328125
2026-01-20,673.9981689453125,681.1501633341576,672.9934983300664,677.8874730475171,111623300,-0.02035680001149731,0.10380455042358222,685.4791625976562,684.7351196289062
2026-01-21,681.77685546875,685.0991655259935,674.5452667925615,676.0572511802958,127844500,0.0115411092816613,0.10692039268113358,683.814013671875,684.9743469238281
2026-01-22,685.3379516601562,687.476610793547,683.2888434897402,686.2033478813381,77112200,0.005223257672714476,0.1062467318520989,683.5394775390625,685.1807495117188
2026-01-23,685.5865478515625,687.3074439470811,683.5274830754288,684.5123006998919,63059600,0.00036273518897367296,0.10505918819335164,682.9406494140625,685.2439117431641
2026-01-26,689.0680541992188,690.4606777697717,686.272910918868,686.8399050563427,60473800,0.005078142735685631,0.10587275611940265,683.153515625,685.3607879638672
2026-01-27,691.8134765625,692.8480177488461,689.9036431059924,690.5104039402848,55506100,0.0039842543077575066,0.10671297940086391,686.7165771484375,685.6184173583985
2026-01-28,691.7438354492188,694.1510864943795,690.271678492269,693.3652237572153,61172200,-0.0001006645803248718,0.10571224609817993,688.7099731445312,685.9949157714843
2026-01-29,690.3711547851562,693.375209936545,681.2098793986574,692.7087686795362,97486200,-0.001984377154833794,0.10591814889775557,689.7166137695312,686.3445556640625
2026-01-30,688.3120727539062,690.5402826440542,683.487735152998,688.1330315570439,101835100,-0.002982572514766746,0.1026319614690163,690.26171875,686.8443969726562
2026-02-02,691.7339477539062,693.2459322689688,685.7756213682558,685.9348095869553,79286500,0.004971400525214165,0.10366985384574814,690.7948974609375,687.4531646728516
2026-02-03,685.885009765625,693.2757257351432,680.4140840721383,692.529690413304,107904600,-0.008455473390127866,0.10639639910024164,689.6092041015625,687.5431884765625
2026-02-04,682.5626831054688,687.7948875474046,678.1561081391175,686.7006659106327,105204600,-0.004843853725993386,0.10549318527367361,687.7729736328125,687.2636749267579
2026-02-05,674.0379638671875,680.0758839506523,672.2176206040476,677.3404209861714,113610800,-0.012489284060324235,0.11361269578715252,684.5063354492188,686.6688354492187
2026-02-06,686.96923828125,688.6503070282812,677.2508650473027,677.8576866055596,89127600,0.01918478647681998,0.13408004705000848,684.2377685546875,686.7240417480468
2026-02-09,690.2816772460938,692.1915108078678,684.7013472083629,685.7755944360715,73885200,0.004821815563577747,0.13307533085755208,683.947314453125,686.7180755615234
2026-02-10,688.4613037109375,692.8579216647231,688.0037135108784,691.276360737094,65185700,-0.0026371459581814305,0.1332651397804209,684.4625732421875,686.5668792724609
2026-02-11,688.3021850585938,693.4547952732178,685.5368515439336,692.7087599208829,76353900,-0.00023112214366449724,0.13309362129293983,685.6104736328125,686.4768585205078
2026-02-12,677.668701171875,691.6742279947084,676.7734344520502,690.5701102294341,118829000,-0.01544885969788623,0.14303228020177852,686.33662109375,686.0247619628906
2026-02-13,678.1461181640625,682.6522007204912,673.9384983110481,678.0864377658819,96267500,0.0007044991031190939,0.1425845301709622,684.5719970703125,685.5030334472656
2026-02-17,679.2402954101562,681.31927396984,672.2077222570326,676.5446598627462,81354700,0.0016134830190519533,0.14282405557820943,682.363720703125,685.0648620605468
2026-02-18,682.662109375,685.507036973797,679.2204384959671,680.4041503420104,73570300,0.005037707550576753,0.12335755610579137,681.2038818359375,685.4980590820312
2026-02-19,680.8616333007812,682.5526587813481,677.9471293624403,680.225062656192,58649400,-0.002637433731113581,0.11687797805513385,679.715771484375,685.4522979736328
2026-02-20,685.7855834960938,686.4122580979458,678.126274472082,678.7131823752115,100034000,0.007231939581382241,0.11828701762863737,681.3391479492187,685.4746795654297
2026-02-23,678.7827758789062,686.3525334522094,676.7734345413753,684.1940214696967,90558100,-0.010211366038766267,0.123755603164714,681.4664794921875,685.1344909667969
2026-02-24,683.7164916992188,684.7112054782021,676.4053697086953,678.295350173768,73798700,0.00726847527019836,0.1252926039706216,682.36171875,684.8669128417969
2026-02-25,689.4859008789062,690.0130676270821,686.4519751919497,686.53156929616,56369500,0.008438306300538434,0.12830236541039136,683.7264770507812,684.7505340576172
2026-02-26,685.6561889648438,689.6350440416309,680.7323436648176,689.615191050754,71671000,-0.005554445579207146,0.1297341161108309,684.6853881835938,684.4461517333984
2026-02-27,682.3637084960938,683.2291046432514,678.0367277603054,679.4790749097389,83308900,-0.004801940858611298,0.1305703764372473,684.0010131835937,684.0457794189454
2026-03-02,682.751708984375,684.9798583327654,674.4359156260907,675.1123137702438,87477200,0.0005686124327104469,0.13030146606564166,684.7947998046875,683.7677612304688
2026-03-03,676.7337036132812,679.0016196644848,666.1200629162043,671.4915420947397,105003100,-0.008814339520359149,0.1319792106289113,683.3982421875,683.0177490234375
2026-03-04,681.5082397460938,683.4579005621853,676.0273572426378,678.026741603972,79182200,0.00705526576749449,0.13194009552678576,681.8027099609375,682.7989105224609
2026-03-05,677.70849609375,681.9062201445739,672.0386149612469,678.474445192334,106606500,-0.005575491873376914,0.13230028968277815,680.2131713867187,682.556201171875
2026-03-06,668.82568359375,672.5359467168151,666.2195382406165,669.8502072585248,100687000,-0.01310712873041986,0.13306974820915055,677.50556640625,682.2955871582031
2026-03-09,674.6845703125,676.3258117079225,658.888509802078,662.8673651303956,102667700,0.00875996072290297,0.11693410588047523,675.892138671875,681.6813537597657
2026-03-10,673.6002807617188,679.7476047325034,671.1930903760745,674.1374043547928,81505300,-0.0016071058958396778,0.11498992328048856,675.2654541015625,680.8472839355469
2026-03-11,672.7548217773438,676.4849986405864,669.7806371390539,673.9982140650914,68441700,-0.0012551345486657706,0.11486499693705846,673.5147705078125,680.0619598388672
2026-03-12,662.5390625,668.0995392824933,662.3500644519811,667.6120785283837,108882200,-0.015184966271003186,0.12512258467148124,670.4808837890625,678.7738037109375
2026-03-13,658.7890014648438,668.7859240392634,657.863924887251,665.7321452917186,97200200,-0.00566013575260893,0.11549315718787243,668.4735473632812,677.8298187255859
2026-03-16,665.493408203125,668.5173163233716,663.5934708305671,664.8468199428278,82023100,0.01017686501045656,0.12245255387904148,666.6353149414062,677.1971832275391
2026-03-17,667.2440185546875,670.8747480492216,666.1598145596139,668.8355969918504,87128000,0.002630544991105488,0.1227836382082564,665.3640625,676.5973693847657
2026-03-18,657.9335327148438,666.1796881508768,657.6948111200146,664.8268919718373,82062600,-0.013953644515257158,0.12902766089854256,662.3998046875,675.3609405517578
2026-03-19,656.3121948242188,659.4753776238247,651.7066647804095,653.4971375917409,111272500,-0.002464288275344284,0.12901442672437377,661.1544311523437,674.1334686279297
2026-03-20,646.9034423828125,655.0025723674255,643.063298812559,654.8230422006715,163617500,-0.014335787930812693,0.13166937317824393,658.7773193359375,672.1893615722656
2026-03-23,653.6959228515625,660.9173090129275,652.2596206790361,656.3790129905765,134802700,0.010499991225476402,0.1368015453844659,656.417822265625,670.9350189208984
2026-03-24,651.5015869140625,655.3417305137531,648.2100787416998,649.6463809650626,96457500,-0.0033568144771775055,0.13254546474848675,653.2693359375,669.3242736816406
2026-03-25,655.1322021484375,659.1917509309695,652.5588148295345,656.9774239230809,90653800,0.0055726882440485515,0.12980617969399247,652.7090698242188,667.6065887451172
2026-03-26,643.432373046875,653.1672421520028,643.1630473705688,650.3844333840033,96494400,-0.017858729983344035,0.14052584121897688,650.13310546875,665.4953979492187
2026-03-27,632.4606323242188,641.0085567819559,631.4831091918358,640.8489947137006,103649400,-0.01705189415742525,0.14892871773530436,647.2445434570312,663.000244140625
2026-03-30,630.3460693359375,638.7245091624994,627.6630399662237,638.4651675144013,99275900,-0.0033433906874337227,0.14806972402419843,642.5745727539063,660.3799621582032
2026-03-31,648.6688842773438,649.865752001465,636.3405988140365,637.2981538716512,152534100,0.029067865784757174,0.187381986801236,642.0080322265625,658.9767211914062
2026-04-01,653.5562744140625,656.8278752918841,651.3220400966815,652.219751792706,97841500,0.00753449141030349,0.18769827946277357,641.6928466796875,657.5791229248047
2026-04-02,654.144775390625,656.5086804928782,643.4522901873171,644.7589215344626,68358700,0.0009004595313388819,0.18748133668205272,643.8353271484375,656.4009368896484
2026-04-06,657.23681640625,658.0247645183308,653.8356054757206,654.1746977251443,39105800,0.004726845083763864,0.18374215234755167,648.7905639648437,655.8214935302734
2026-04-07,657.5260009765625,657.9150134208243,649.386996170508,654.9626585699763,69980400,0.0004400005646272298,0.18033656931033443,654.2265502929688,654.9635650634766
2026-04-08,674.27294921875,675.3402070755335,669.734652974974,674.6519776493207,93606100,0.02546963651219092,0.20367944662661563,659.34736328125,654.9971984863281
2026-04-09,678.162841796875,679.4096297331154,672.0386657215836,673.1059235004034,57134400,0.005769017699185586,0.20457107003729322,664.2686767578125,655.2675994873047
2026-04-10,677.7140502929688,680.2774536083281,676.7066358948267,679.5692561407437,42253500,-0.0006617754265585418,0.1961440423848119,668.9825317382813,656.0263488769531
2026-04-13,684.3369750976562,684.536473353906,674.8414790590384,675.669302461078,54185800,0.009772447246481741,0.19662894514901413,674.4025634765625,657.3037475585937
2026-04-14,692.675537109375,692.7952238870419,685.8929616905456,685.9229138241225,63480500,0.012184877209840739,0.19786492472505957,681.432470703125,658.6628540039062
2026-04-15,698.1414184570312,698.480571570673,692.4161778504387,693.4734516118131,58240400,0.007890969227043909,0.1989382321174597,686.2061645507813,660.2077239990234
2026-04-16,699.8569946289062,700.9741726960574,696.7350934539525,699.2585607342904,49972400,0.002457347646937613,0.189411708227007,690.5449951171875,662.3038970947266
2026-04-17,708.3152465820312,710.5594650064761,703.9464965121796,704.3255249385737,70661900,0.012085686101644066,0.19071767969843229,696.665234375,664.9040496826171
2026-04-20,706.8988037109375,708.0857482546458,704.3254772575062,706.9587079747221,43546800,-0.0019997351150194964,0.17979778537352448,701.1776000976563,667.9038177490235
2026-04-21,702.2708129882812,709.4523240430285,700.8345107773317,708.4548936431559,58941400,-0.006546892848539487,0.1824222432456922,703.0966552734375,670.3325622558593
2026-04-22,709.3825073242188,709.6218808832724,706.4001392457644,707.3278031045794,42518500,0.01012671209511895,0.18182837809155977,705.344873046875,673.2266082763672
2026-04-23,706.6295776367188,710.5295037064266,700.4754491270062,707.6768673789517,56174000,-0.0038807408683984024,0.18405208627639824,706.6993896484375,675.8014770507813
2026-04-24,712.10546875,712.6340752101273,707.1881441382454,708.9236633096505,45182000,0.007749309237231605,0.1654950487196921,707.4574340820312,679.2351318359375
2026-04-27,713.332275390625,713.7911152864904,710.4696550399041,711.3374146094498,33135900,0.001722787837563633,0.14415477801758803,708.7441284179688,683.2787139892578
2026-04-28,709.8612060546875,711.0481506026886,707.4274735730012,709.9908768700561,43117400,-0.004865992267119479,0.1455683394621828,710.26220703125,687.2544708251953
2026-04-29,709.7515258789062,710.3699278433978,706.5497524472755,709.1729992133655,41859200,-0.00015450932498595193,0.11860163360527502,710.3360107421875,690.3086029052735
2026-04-30,716.8132934570312,717.9403946619685,708.6244289610544,712.7936806635566,67240900,0.009949633527564838,0.11971606818615539,712.37275390625,693.4714538574219
2026-05-01,718.7982177734375,723.0073446973263,718.6186267345964,719.3966516418469,43049800,0.0027690952923506984,0.11912069124022773,713.7113037109375,696.7041259765625
2026-05-04,716.1649780273438,720.2644021704073,713.152718877996,718.2196821209096,51950600,-0.0036633921467564834,0.12280853237509805,714.2778442382812,699.6505340576172
2026-05-05,721.9102172851562,723.1769124909786,719.6360467603954,719.9153564929043,36933200,0.008022228723942426,0.12257151481717221,716.687646484375,702.8697448730469
2026-05-06,731.9443359375,732.7023927493656,725.9497697512824,726.288861980811,53288900,0.013899399692774095,0.10168103571668098,721.1262084960938,705.7533142089844
2026-05-07,729.7001342773438,734.238430329629,727.8748196364371,733.161188473549,51724600,-0.0030660824190705815,0.10458853679873335,723.7035766601563,708.3301788330078
2026-05-08,735.724609375,736.1834492768152,732.6824588199246,733.0415191543954,47227100,0.00825609701116825,0.10445800074836602,727.0888549804688,711.2307067871094
2026-05-11,737.4002685546875,738.8864300819614,734.5576163199453,734.5576163199453,44024000,0.002277563042387465,0.10246247605513217,731.3359130859375,713.8838714599609
2026-05-12,736.2831420898438,736.9414802248905,729.9494836014034,734.9964788307154,54185300,-0.0015149526145865622,0.09900507145558117,734.210498046875,716.0642517089843
2026-05-13,740.4025268554688,741.9983910774667,733.5800764180441,736.5723674930287,44200200,0.00559483781461112,0.09785268411660247,735.9021362304687,718.1773071289062
2026-05-14,746.2474975585938,747.6040491923611,741.649357949993,741.7391534739264,45307600,0.0078943149045545,0.09937295879391411,739.2116088867188,720.4968322753906
2026-05-15,737.2706298828125,741.5496453663399,736.0637780312098,739.8838927249178,60410800,-0.012029343756796207,0.10742095542355329,739.5208129882812,721.9446014404297
2026-05-18,736.751953125,739.5147938000424,731.5054597381557,737.9289136337939,47843900,-0.0007035093177317764,0.10687364491710963,739.3911499023437,723.4372589111329
2026-05-19,731.8446044921875,735.7545755811656,729.650306265128,732.8919551385734,54255900,-0.0066607880874933745,0.10699644345812383,738.5034423828125,724.9159484863281
2026-05-20,739.3452758789062,739.9636778498481,732.0042028263388,733.8195334397973,45768000,0.010248994582563453,0.10711913263652682,738.2919921875,726.4140869140625
2026-05-21,740.8114624023438,742.9559620700644,735.1361419849363,736.7419902854853,43332200,0.0019830877010671433,0.10477919651372933,737.20478515625,728.1231811523437
2026-05-22,743.7239990234375,747.015507083493,742.566945697205,744.3224328967863,41762000,0.003931549076803931,0.10304913199516913,738.495458984375,729.7041076660156
2026-05-26,748.6613159179688,750.1973368284331,746.4469887578754,748.0827892360243,41123600,0.006638641352187502,0.10422136391427575,740.8773315429687,731.4705596923828
2026-05-27,748.5316162109375,749.4492351039673,746.2973210478585,748.9505199197505,42106300,-0.0001732421647460125,0.10114378858299154,744.2147338867187,733.4040802001953
2026-05-28,752.6609497070312,753.2095851254732,747.3047533704411,748.3221518516883,41562600,0.005516578600909927,0.1010428059560124,746.8778686523438,735.5495513916015
2026-05-29,754.5361328125,756.1320579864754,752.7507543048832,753.9576670103595,55075700,0.0024914048034492264,0.09760846123708801,749.622802734375,737.435693359375
2026-06-01,756.5908203125,758.3264003155792,752.7507376917755,753.4189990020213,43634900,0.0027231134609038143,0.09760745135779168,752.1961669921875,739.3253234863281
2026-06-02,757.6182250976562,758.4461093852723,754.805464031348,755.0847737682097,31581900,0.0013579397972762752,0.09493609116071215,753.987548828125,741.3979858398437
2026-06-03,752.3018798828125,756.8501599793441,751.6336185743088,756.2018667594974,51402500,-0.00701718232049986,0.09896030389837251,754.7416015625,742.9175689697265
2026-06-04,755.1445922851562,756.3614281257201,749.5389775481502,750.1673635570705,49923000,0.0037786857621391334,0.08894547259928816,755.238330078125,744.0775817871094
2026-06-05,735.65478515625,750.8855669656407,733.6400171295905,750.3768677170906,93989400,-0.025809371248925683,0.13126125978612116,751.462060546875,744.3753143310547
2026-06-08,737.3204345703125,743.4247643242134,736.2931129658897,741.4498108327123,49319100,0.002264172608771542,0.12821643837150076,747.6079833984375,744.4551055908203
2026-06-09,735.1560668945312,744.9807928982774,720.7332622187009,741.7191759970133,87683500,-0.0029354505508077944,0.12839870722925126,743.1155517578125,744.3428955078125
2026-06-10,723.56591796875,736.4826536495077,723.4661992814284,731.5054857614351,60341300,-0.015765562508027298,0.13989982614273405,737.368359375,743.7070343017579
2026-06-11,735.8642578125,738.0984921563339,722.5485255148498,726.8873842592473,86330500,0.016996847886747934,0.1521654496033004,733.5122924804688,743.4801208496094
2026-06-12,739.843994140625,742.5270843334097,733.1412911200548,738.8066884479139,57079500,0.005408247901529384,0.15064602465236862,734.3501342773437,743.159945678711
2026-06-15,752.890380859375,754.7356026867302,749.8282623277308,749.9179969688896,60176400,0.01763396989375332,0.15691029084720515,737.4641235351562,743.9409332275391
2026-06-16,748.4019775390625,753.4988323298886,747.9531216783239,752.6111046530555,67093100,-0.005961562844234103,0.15880837557845057,740.1133056640625,744.5234344482421
2026-06-17,739.0560302734375,750.217278570044,737.3204502885575,749.3594421826946,85945200,-0.012487870885051433,0.16372592252865542,743.211328125,744.8840057373047
2026-06-18,746.739990234375,748.22998046875,743.8599853515625,747.760009765625,80875700,0.010396992441959574,0.1638431112887556,745.386474609375,745.2537414550782
2026-06-22,744.3900146484375,750.1799926757812,743.1300048828125,747.7000122070312,46628100,-0.003146979693962715,0.1642587965316008,746.2956787109375,745.4326690673828
2026-06-23,733.5800170898438,739.6300048828125,732.2999877929688,733.8099975585938,66846800,-0.014521954010491611,0.1717268276596434,742.4336059570312,744.9254699707031
2026-06-24,733.239990234375,739.9500122070312,730.8400268554688,735.1699829101562,57439500,-0.0004635170636431152,0.1695764368685268,739.4012084960938,744.1544036865234
2026-06-25,734.2999877929688,739.3699951171875,729.5999755859375,738.9099731445312,53934400,0.0014456352254532678,0.16977656026065888,738.45,743.442822265625
2026-06-26,728.989990234375,736.530029296875,716.5800170898438,728.9500122070312,71034000,-0.007231373616869652,0.16941157961847203,734.9,742.2592742919921
2026-06-29,741.0,741.5599975585938,732.0900268554688,736.530029296875,58035200,0.016474862380159383,0.18072141716131185,734.2219970703125,741.5824676513672
2026-06-30,746.77001953125,748.02001953125,740.8900146484375,741.2899780273438,55626000,0.007786800986842035,0.18292706904920053,736.8599975585937,741.0914276123046
2026-07-01,745.760009765625,749.4400024414062,742.3800048828125,745.0,47100900,-0.001352504438058455,0.1827972576186407,739.3640014648438,740.4985168457031
2026-07-02,744.780029296875,751.3099975585938,740.030029296875,747.4000244140625,57447800,-0.001314069480687241,0.18130861791209468,741.460009765625,740.1224243164063
2026-07-06,751.280029296875,752.4099731445312,747.4099731445312,748.739990234375,50673300,0.008727409093039817,0.18367146277398616,745.918017578125,739.9291961669921
2026-07-07,747.7100219726562,750.9600219726562,745.2100219726562,750.219970703125,43721500,-0.004751899671231685,0.15815628511684593,747.2600219726562,740.5319580078125
2026-07-08,745.4000244140625,746.1500244140625,739.510009765625,743.1599731445312,43767400,-0.0030894297130047432,0.15866677971390425,746.9860229492188,740.9359375
2026-07-09,751.7100219726562,751.969970703125,745.5900268554688,747.3499755859375,41441700,0.00846525000257925,0.16045543848516192,748.176025390625,741.7636352539063
2026-07-10,754.9500122070312,755.4199829101562,748.0999755859375,752.0499877929688,42191300,0.0043101596888019955,0.14768012040414677,750.2100219726562,743.3328399658203
2026-07-13,749.1699829101562,753.9099731445312,748.0,752.469970703125,44013600,-0.007656174850540931,0.1406016104981153,749.7880126953125,743.9981262207032
2026-07-14,751.8300170898438,753.3400268554688,748.6599731445312,750.9099731445312,35143100,0.00355064169730146,0.13997071622322452,750.61201171875,744.5974273681641
2026-07-15,754.8099975585938,755.5800170898438,750.2000122070312,754.239990234375,43844800,0.003963635929681075,0.12592392805870933,752.4940063476563,744.693408203125
2026-07-16,750.719970703125,754.5700073242188,747.8800048828125,752.760009765625,46409800,-0.005418617756386079,0.12558831756086888,752.29599609375,744.8093078613281
2026-07-17,743.2899780273438,747.2899780273438,740.7999877929688,742.0800170898438,62651000,-0.009897156017872222,0.12241785961187268,749.9639892578125,745.0210052490235
2026-07-20,742.0900268554688,748.72998046875,741.510009765625,747.0599975585938,50422300,-0.0016143782471810253,0.1165818127199792,748.547998046875,744.7885070800781
2026-07-21,748.280029296875,749.0399780273438,744.1799926757812,746.2899780273438,34324300,0.008341309298597777,0.11992758000416918,747.8380004882813,744.9830078125
2026-07-22,747.4099731445312,750.02001953125,746.3699951171875,746.6199951171875,32836200,-0.0011627413779321527,0.10669212633350475,746.3579956054688,745.6745056152344
2026-07-23,738.1799926757812,742.5599975585938,735.2100219726562,739.3699951171875,55437300,-0.012349287272575782,0.11666485113469967,743.85,745.9215057373046
2026-07-24,738.9299926757812,743.719970703125,737.2899780273438,738.510009765625,44782000,0.0010160123647910968,0.1166218543146334,742.9780029296875,746.1530059814453
2026-07-27,739.0900268554688,745.530029296875,735.8699951171875,744.9099731445312,41461200,0.0002165755636849287,0.1131537353387267,742.3780029296875,746.6580078125
2026-07-28,740.8599853515625,742.7899780273438,735.97998046875,739.1900024414062,47322200,0.002394780651586048,0.09702838246430226,740.893994140625,746.6510070800781
2026-07-29,729.4600219726562,742.6799926757812,729.0999755859375,739.969970703125,70697200,-0.015387473482586067,0.10676912280782157,737.30400390625,745.7855072021484
2026-07-30,741.6900024414062,742.4500122070312,734.5900268554688,736.0499877929688,66811300,0.01676579949601198,0.12425276576365911,738.006005859375,745.5820068359375
2026-07-31,747.030029296875,748.9000244140625,737.6799926757812,744.6799926757812,62445900,0.007199809675054292,0.12692721413871458,739.6260131835937,745.6945068359375
2026-08-03,757.6699829101562,758.5800170898438,748.7999877929688,749.4400024414062,59927500,0.01424300656734756,0.13320740888981353,743.3420043945313,746.0140045166015
2026-08-04,771.3300170898438,773.4099731445312,760.52001953125,760.6300048828125,69154800,0.018029002715958642,0.14538064268536416,749.4360107421875,747.1950042724609
2026-08-05,769.7899780273438,776.8499755859375,769.510009765625,775.8499755859375,44689100,-0.0019966020100066206,0.1449646631651774,757.502001953125,748.414501953125
2026-08-06,768.5599975585938,771.8200073242188,767.4600219726562,770.2100219726562,38416900,-0.001597813044932006,0.14307914227485452,762.8760009765625,749.2570007324218
2026-08-07,773.260009765625,773.9199829101562,769.6099853515625,771.02001953125,43586300,0.006115348472417681,0.14375028162764816,768.1219970703125,750.1725006103516
2026-08-10,773.030029296875,775.0499877929688,771.6199951171875,772.5999755859375,39249500,-0.00029741673673222557,0.14003693357586786,771.1940063476562,751.3655029296875
2026-08-11,770.5599975585938,774.6099853515625,769.2000122070312,774.530029296875,36740600,-0.0031952597501651026,0.1408392762777744,771.0400024414063,752.302001953125
2026-08-12,772.489990234375,774.9000244140625,771.280029296875,774.7100219726562,33179100,0.0025046624297864195,0.14056391550266017,771.5800048828125,753.186001586914
2026-08-13,777.8800048828125,779.3699951171875,774.1099853515625,774.8699951171875,35634500,0.006977455651952402,0.13971221238915338,773.4440063476562,754.5440032958984
2026-08-14,776.3400268554688,778.7999877929688,775.4299926757812,778.5399780273438,31367900,-0.0019797115463531245,0.1336019887021436,774.060009765625,756.1965057373047
2026-08-17,772.6699829101562,776.780029296875,772.510009765625,776.1799926757812,34356600,-0.004727366641364417,0.1352312528433718,773.9880004882813,757.7255035400391
2026-08-18,767.4500122070312,769.5,766.9199829101562,768.7000122070312,43920900,-0.006755757074274671,0.13653581270504064,773.3660034179687,758.6840026855468
2026-08-19,769.0599975585938,772.469970703125,768.0999755859375,770.3599853515625,40306000,0.00209783741736147,0.13624581396298974,772.6800048828125,759.76650390625
2026-08-20,762.5999755859375,768.1500244140625,762.0399780273438,765.9600219726562,45520300,-0.008399893367440514,0.13157646782367202,769.6239990234375,760.9875030517578
2026-08-21,765.719970703125,767.8499755859375,764.1699829101562,766.0499877929688,39188700,0.0040912604472485015,0.13182905556707666,767.4999877929688,762.327001953125
2026-08-24,763.469970703125,765.219970703125,762.0800170898438,764.780029296875,32430900,-0.0029384110198065194,0.13280845082866433,765.6599853515625,763.5459991455078
2026-08-25,765.9099731445312,766.780029296875,763.0499877929688,766.1599731445312,27422300,0.003195937672779925,0.13289788416957946,765.3519775390625,764.7984985351562
2026-08-26,766.0800170898438,767.3499755859375,763.9299926757812,764.72998046875,28751600,0.0002220155779071309,0.1168665408708908,764.7559814453125,766.6294982910156
2026-08-27,771.0999755859375,772.3599853515625,767.1599731445312,768.5,34557100,0.006552786111251541,0.10536222022066072,766.4559814453125,768.0999969482422
2026-08-28,769.3499755859375,775.2999877929688,768.3099975585938,771.760009765625,36744300,-0.002269485222937795,0.10448260034511268,767.181982421875,769.2159942626953
2026-08-31,767.0499877929688,768.0,764.719970703125,767.3300170898438,38810800,-0.002989520850009919,0.09396994025038374,767.8979858398437,769.6849945068359
2026-09-01,761.719970703125,764.6699829101562,759.47998046875,762.010009765625,35097486,-0.006948721953806136,0.07186523163159281,767.0599853515625,769.2044921875
